INSERT INTO departments(dep_name, dep_location) VALUES
('Human Resources', 'Delhi'),
('Information Technology', 'Bangalore'),
('Sales', 'Mumbai'),
('Finance', 'Delhi'),
('Customer Support', 'Hyderabad'),
('Marketing', 'Gurgaon'),
('Operations', 'Pune'),
('Research and Development', 'Chennai');

INSERT INTO employees(name, email, gender, age, dep_id, salary, join_date)VALUES
('Rimuru Tempest', 'rimuru@ajindustry.com', 'Others', 28, 2, 120000, '2020-06-15'),
('Benimaru', 'benimaru@ajindustry.com', 'Male', 32, 3, 90000, '2019-03-10'),
('Shuna', 'shuna@ajindustry.com', 'Female', 27, 1, 75000, '2021-01-20'),
('Shion', 'shion@ajindustry.com', 'Female', 29, 5, 70000, '2020-11-05'),
('Gobta', 'gobta@ajindustry.com', 'Male', 24, 7, 45000, '2022-02-12'),
('Hakuro', 'hakuro@ajindustry.com', 'Male', 55, 6, 85000, '2018-07-01'),
('Souei', 'souei@ajindustry.com', 'Male', 30, 2, 95000, '2019-09-23'),
('Ranga', 'ranga@ajindustry.com', 'Male', 26, 7, 60000, '2021-04-14'),
('Milim Nava', 'milim@ajindustry.com', 'Female', 22, 4, 130000, '2020-08-18'),
('Veldora Tempest', 'veldora@ajindustry.com', 'Male', 35, 2, 150000, '2017-12-25'),
('Diablo', 'diablo@ajindustry.com', 'Male', 33, 4, 140000, '2019-06-30'),
('Testarossa', 'testarossa@ajindustry.com', 'Female', 31, 4, 125000, '2020-10-10'),
('Ultima', 'ultima@ajindustry.com', 'Female', 29, 3, 110000, '2021-05-05'),
('Carrera', 'carrera@ajindustry.com', 'Female', 28, 3, 108000, '2021-06-15'),
('Geld', 'geld@ajindustry.com', 'Male', 40, 7, 80000, '2018-03-19'),
('Gabiru', 'gabiru@ajindustry.com', 'Male', 27, 5, 50000, '2022-07-22'),
('Rigurd', 'rigurd@ajindustry.com', 'Male', 50, 1, 65000, '2017-05-11'),
('Kaijin', 'kaijin@ajindustry.com', 'Male', 45, 7, 78000, '2018-11-30'),
('Myulan', 'myulan@ajindustry.com', 'Female', 26, 6, 72000, '2021-09-09'),
('Youm', 'youm@ajindustry.com', 'Male', 34, 3, 67000, '2020-02-17'),
('Fuze', 'fuze@ajindustry.com', 'Male', 38, 4, 88000, '2019-01-01'),
('Eren', 'eren@ajindustry.com', 'Female', 25, 5, 56000, '2022-03-12'),
('Kabal', 'kabal@ajindustry.com', 'Male', 29, 7, 52000, '2021-07-07'),
('Gido', 'gido@ajindustry.com', 'Male', 31, 7, 53000, '2021-08-08'),
('Hinata Sakaguchi', 'hinata@ajindustry.com', 'Female', 30, 4, 135000, '2019-04-21'),
('Leon Cromwell', 'leon@ajindustry.com', 'Male', 36, 4, 145000, '2018-09-14'),
('Chloe', 'chloe@ajindustry.com', 'Female', 23, 2, 99000, '2022-01-01'),
('Yuuki Kagurazaka', 'yuuki@ajindustry.com', 'Male', 28, 3, 92000, '2020-06-06'),
('Laplace', 'laplace@ajindustry.com', 'Male', 33, 6, 87000, '2019-12-12'),
('Footman', 'footman@ajindustry.com', 'Male', 35, 6, 86000, '2019-11-11'),
('Tear', 'tear@ajindustry.com', 'Female', 27, 6, 84000, '2020-10-01'),
('Clayman', 'clayman@ajindustry.com', 'Male', 34, 4, 91000, '2018-08-08'),
('Freya', 'freya@ajindustry.com', 'Female', 29, 5, 76000, '2021-03-03'),
('Shogo', 'shogo@ajindustry.com', 'Male', 26, 3, 68000, '2022-05-05'),
('Kyoya', 'kyoya@ajindustry.com', 'Male', 27, 2, 70000, '2021-06-06'),
('Kirara', 'kirara@ajindustry.com', 'Female', 24, 5, 54000, '2022-09-09'),
('Arnaud', 'arnaud@ajindustry.com', 'Male', 41, 7, 79000, '2018-04-04'),
('Garm', 'garm@ajindustry.com', 'Male', 37, 7, 77000, '2019-02-02'),
('Dol', 'dol@ajindustry.com', 'Male', 39, 7, 76000, '2018-06-06'),
('Mark', 'mark@ajindustry.com', 'Male', 35, 3, 69000, '2020-07-07'),
('Jane', 'jane@ajindustry.com', 'Female', 28, 5, 58000, '2021-10-10'),
('Paul', 'paul@ajindustry.com', 'Male', 33, 3, 72000, '2020-12-12'),
('Sara', 'sara@ajindustry.com', 'Female', 26, 1, 60000, '2022-02-02'),
('Rohit', 'rohit@ajindustry.com', 'Male', 31, 2, 85000, '2019-09-09'),
('Amit', 'amit@ajindustry.com', 'Male', 29, 2, 83000, '2020-01-15'),
('Neha', 'neha@ajindustry.com', 'Female', 27, 1, 62000, '2021-11-11'),
('Vikas', 'vikas@ajindustry.com', 'Male', 34, 7, 75000, '2018-03-03'),
('Pooja', 'pooja@ajindustry.com', 'Female', 25, 5, 55000, '2022-06-06'),
('Karan', 'karan@ajindustry.com', 'Male', 30, 3, 71000, '2020-08-08'),
('Anjali', 'anjali@ajindustry.com', 'Female', 28, 1, 64000, '2021-04-04');

INSERT INTO customers (customer_id, name, city, signup_date) VALUES
(1, 'Amit Sharma', 'Delhi', '2022-01-10'),
(2, 'Neha Verma', 'Mumbai', '2022-02-15'),
(3, 'Rohit Singh', 'Delhi', '2022-03-20'),
(4, 'Pooja Mehta', 'Bangalore', '2022-04-05'),
(5, 'Karan Patel', 'Ahmedabad', '2022-05-11'),
(6, 'Anjali Gupta', NULL, '2022-06-18'),
(7, 'Vikas Yadav', 'Delhi', '2022-07-25'),
(8, 'Sneha Kapoor', 'Mumbai', '2022-08-30'),
(9, 'Rahul Jain', 'Jaipur', '2022-09-14'),
(10, 'Priya Singh', 'Lucknow', '2022-10-22'),
(11, 'Amit Sharma', 'Delhi', '2022-01-10'), -- duplicate
(12, 'Neha Verma', 'MUMBAI', '2022-02-15'), -- inconsistent city
(13, 'Rohit Singh', NULL, '2022-03-20'),
(14, 'Pooja Mehta', 'Bangalore', NULL),
(15, 'Karan Patel', 'Ahmedabad', '2022/05/11'),
(16, 'Arjun Nair', 'Kochi', '2022-11-01'),
(17, 'Meera Iyer', 'Chennai', '2022-12-12'),
(18, 'Suresh Reddy', 'Hyderabad', '2023-01-05'),
(19, 'Kavita Joshi', 'Pune', '2023-02-10'),
(20, 'Deepak Kumar', 'Patna', '2023-03-15'),
(21, 'Riya Sharma', 'Delhi', '2023-04-01'),
(22, 'Mohit Agarwal', 'Kanpur', '2023-04-18'),
(23, 'Simran Kaur', 'Amritsar', '2023-05-22'),
(24, 'Harsh Vardhan', 'Delhi', '2023-06-30'),
(25, 'Nisha Arora', 'Ludhiana', '2023-07-12'),
(26, 'Amit Sharma', ' Delhi ', '2022-01-10'), -- spacing issue
(27, 'Neha Verma', NULL, '2022-02-15'),
(28, 'Rohit Singh', 'Delhi', '03-20-2022'), -- wrong format
(29, 'Pooja Mehta', 'bangalore', '2022-04-05'),
(30, 'Karan Patel', 'Ahmedabad', '2022-05-11'),
(31, 'Aditya Roy', 'Kolkata', '2023-08-08'),
(32, 'Sneha Das', 'Kolkata', '2023-08-15'),
(33, 'Raj Malhotra', 'Delhi', '2023-09-01'),
(34, 'Priti Sinha', 'Patna', '2023-09-10'),
(35, 'Vivek Singh', 'Lucknow', '2023-09-20'),
(36, 'Aman Khan', 'Delhi', '2023-10-05'),
(37, 'Zoya Sheikh', 'Mumbai', '2023-10-15'),
(38, 'Imran Ali', 'Hyderabad', '2023-11-01'),
(39, 'Farhan Akhtar', 'Mumbai', '2023-11-20'),
(40, 'Sara Ali', NULL, '2023-12-01'),
(41, 'Kunal Shah', 'Surat', '2024-01-10'),
(42, 'Isha Ambani', 'Mumbai', '2024-01-20'),
(43, 'Ritesh Agarwal', 'Bangalore', '2024-02-01'),
(44, 'Ananya Pandey', 'Mumbai', '2024-02-14'),
(45, 'Varun Dhawan', 'Mumbai', '2024-02-28'),
(46, 'Amit Sharma', 'Delhi', '2022-01-10'),
(47, 'Neha Verma', 'Mumbai', '2022-02-15'),
(48, 'Rohit Singh', 'Delhi', '2022-03-20'),
(49, 'Pooja Mehta', 'Bangalore', '2022-04-05'),
(50, 'Karan Patel', 'Ahmedabad', '2022-05-11'),
(51, 'User_51', 'City_1', '2024-03-01'),
(52, 'User_52', 'City_2', '2024-03-02'),
(53, 'User_53', 'City_3', '2024-03-03'),
(54, 'User_54', NULL, '2024-03-04'),
(55, 'User_55', 'City_5', '2024-03-05'),
(56, 'User_56', 'City_6', '2024-03-06'),
(57, 'User_57', 'City_7', '2024-03-07'),
(58, 'User_58', 'City_8', '2024-03-08'),
(59, 'User_59', 'City_9', '2024-03-09'),
(60, 'User_60', 'City_10', '2024-03-10'),
(61, 'User_61', 'City_11', '2024-03-11'),
(62, 'User_62', 'City_12', '2024-03-12'),
(63, 'User_63', 'City_13', '2024-03-13'),
(64, 'User_64', 'City_14', '2024-03-14'),
(65, 'User_65', 'City_15', '2024-03-15'),
(66, 'User_66', 'City_16', '2024-03-16'),
(67, 'User_67', 'City_17', '2024-03-17'),
(68, 'User_68', 'City_18', '2024-03-18'),
(69, 'User_69', 'City_19', '2024-03-19'),
(70, 'User_70', 'City_20', '2024-03-20'),
(71, 'User_71', 'City_21', '2024-03-21'),
(72, 'User_72', 'City_22', '2024-03-22'),
(73, 'User_73', 'City_23', '2024-03-23'),
(74, 'User_74', 'City_24', '2024-03-24'),
(75, 'User_75', 'City_25', '2024-03-25'),
(76, 'User_76', 'City_26', '2024-03-26'),
(77, 'User_77', 'City_27', '2024-03-27'),
(78, 'User_78', 'City_28', '2024-03-28'),
(79, 'User_79', 'City_29', '2024-03-29'),
(80, 'User_80', 'City_30', '2024-03-30'),
(81, 'User_81', 'City_31', '2024-03-31'),
(82, 'User_82', 'City_32', '2024-04-01'),
(83, 'User_83', 'City_33', '2024-04-02'),
(84, 'User_84', 'City_34', '2024-04-03'),
(85, 'User_85', 'City_35', '2024-04-04'),
(86, 'User_86', 'City_36', '2024-04-05'),
(87, 'User_87', 'City_37', '2024-04-06'),
(88, 'User_88', 'City_38', '2024-04-07'),
(89, 'User_89', 'City_39', '2024-04-08'),
(90, 'User_90', 'City_40', '2024-04-09'),
(91, 'User_91', 'City_41', '2024-04-10'),
(92, 'User_92', 'City_42', '2024-04-11'),
(93, 'User_93', 'City_43', '2024-04-12'),
(94, 'User_94', 'City_44', '2024-04-13'),
(95, 'User_95', 'City_45', '2024-04-14'),
(96, 'User_96', 'City_46', '2024-04-15'),
(97, 'User_97', 'City_47', '2024-04-16'),
(98, 'User_98', 'City_48', '2024-04-17'),
(99, 'User_99', 'City_49', '2024-04-18'),
(100, 'User_100', NULL, '2024-04-19');

INSERT INTO products (product_name, category, price, stock, added_date) VALUES
('Laptop', 'Electronics', '1000', '10', '2023-01-01'),
('laptop', 'electronics', '1k', '10 units', '01-01-2023'),
(' LAPTOP ', 'Electronics', '₹1000', 'ten', 'Jan 1 2023'),
('Phone', 'Electronics', '500', '25', '2023/02/10'),
('phone', 'electronics', '500.00', '25pcs', '10-02-2023'),
('PHONE ', NULL, 'five hundred', NULL, 'Feb 10 2023'),
('Headphones', 'Accessories', '100', '50', '2023-03-05'),
('headphones', 'accessories', '100rs', 'fifty', '05/03/2023'),
(' HeadPhones ', 'Accessories', NULL, '50', 'March 5 2023'),
('Keyboard', 'Accessories', '700', '30', '2023-04-01'),
('keyboard', 'accessories', '700.0', '30pcs', '01-04-2023'),
('Mouse', 'Accessories', '300', '40', '2023-04-10'),
('mouse', 'Accessories', '300rs', 'forty', '10/04/2023'),
('Monitor', 'Electronics', '15000', '15', '2023-05-01'),
('monitor', 'electronics', '15k', '15 units', '01-05-2023'),
('Tablet', 'Electronics', '8000', '20', '2023-06-15'),
('tablet', 'electronics', '8,000', 'twenty', '15-06-2023'),
('Charger', 'Accessories', '500', '60', '2023-07-01'),
('charger', 'accessories', 'five hundred', '60pcs', '01/07/2023'),
('Camera', 'Electronics', '25000', '5', '2023-08-10'),
('camera', 'electronics', '25k', 'five', '10-08-2023'),
('Speaker', 'Electronics', '2000', '35', '2023-09-01'),
('speaker', 'electronics', '2k', '35pcs', '01-09-2023'),
('TV', 'Electronics', '50000', '8', '2023-10-01'),
('tv', 'electronics', '50k', 'eight', '01/10/2023'),
('Watch', 'Accessories', '1500', '22', '2023-11-11'),
('watch', 'accessories', '1.5k', 'twenty two', '11-11-2023'),
('Laptop', 'Electronics', '1000', '10', '2023-01-01'), -- duplicate
('Gaming Console', 'Electronics', NULL, '12', '2023-12-01'),
('Console', 'Electronics', '30000', NULL, '01-12-2023'),
('Earbuds', 'Accessories', '2000', '45', '2024-01-01'),
('earbuds', 'Accessories', '2,000', '45pcs', '01-01-2024'),
('Power Bank', 'Accessories', '1200', '30', '2024-02-01'),
('powerbank', 'Accessories', '1.2k', 'thirty', '01-02-2024');

INSERT INTO orders(customer_id, product_id, quantity, order_date) VALUES
(1, 1, 2, '2023-01-05'),
(1, 3, 1, '2023-01-06'),
(2, 2, 1, '2023-01-07'),
(3, 1, 3, '2023-01-08'),
(4, 5, 2, '2023-01-10'),
(1, 1, 2, '2023-01-05'), -- duplicate
(2, 2, 1, '2023-01-07'), -- duplicate
(5, 10, 1, '2023-02-01'),
(6, 11, 2, '2023-02-03'),
(7, 12, 1, '2023-02-05'),
(8, 13, 4, '2023-02-08'),
(9, 3, 2, '2023-03-01'),
(10, 4, 1, '2023-03-02'),
(1, 2, 1, '2023-03-05'), -- repeat customer
(1, 5, 3, '2023-03-07'),
(11, 6, 2, '2023-04-01'),
(12, 7, 1, '2023-04-02'),
(13, 8, 2, '2023-04-03'),
(14, 9, 1, '2023-04-04'),
(15, 1, 5, '2023-05-01'), -- high quantity
(16, 2, 2, '2023-05-02'),
(17, 3, 3, '2023-05-03'),
(18, 14, 1, '2023-06-01'),
(19, 15, 2, '2023-06-05'),
(20, 16, 1, '2023-06-10'),
(21, 1, 2, '2023-07-01'),
(22, 1, 1, '2023-07-02'),
(23, 1, 3, '2023-07-03'), -- trending product (id=1)
(24, 2, 2, '2023-08-01'),
(25, 3, 1, '2023-08-02'),
(26, 4, 2, '2023-08-03'),
(27, 17, 1, '2023-09-01'),
(28, 18, 2, '2023-09-02'),
(29, 19, 3, '2023-09-03'),
(30, 20, 1, '2023-10-01'),
(31, 21, 2, '2023-10-02'),
(32, 22, 1, '2023-10-03'),
(33, 23, 2, '2023-11-01'),
(34, 24, 3, '2023-11-02'),
(35, 25, 1, '2023-11-03'),
(36, 1, 4, '2023-12-01'), -- year-end spike
(37, 2, 3, '2023-12-02'),
(38, 3, 2, '2023-12-03'),
(39, 4, 1, '2023-12-04'),
(NULL, 5, 2, '2023-12-05'), -- deleted customer simulation
(40, NULL, 1, '2023-12-06'), -- deleted product simulation
(41, 6, 2, '2024-01-01'),
(42, 7, 1, '2024-01-02'),
(43, 8, 3, '2024-01-03'),
(44, 9, 1, '2024-02-01'),
(45, 10, 2, '2024-02-02'),
(46, 11, 1, '2024-02-03'),
(47, 12, 2, '2024-03-01'),
(48, 13, 1, '2024-03-02'),
(49, 14, 3, '2024-03-03'),
(50, 15, 2, '2024-04-01'),
(1, 1, 2, '2024-04-02'), -- loyal customer
(1, 2, 1, '2024-04-03'),
(2, 1, 1, '2024-04-04');

SELECT c.name, p.product_name, o.quantity, o.order_date, p.price
FROM orders o
LEFT JOIN customers c ON o.customer_id = c.customer_id
LEFT JOIN products p ON o.product_id = p.product_id;